HOSTS ID,Insect Family,Insect Genus,Insect Species,Insect Subspecies,Insect Author,Hostplant Family,Hostplant Genus,Hostplant Species,Hostplant Subspecies/var,Location,Damage,Lab Rearing
4403,Blastobasidae,Blastobasis,atmosema,,Meyrick,Insecta,,,,Argentina,on Coccidae,
79912,Nymphalidae,Caligo,idomeneus,,Linnaeus,Marantaceae,,,,Argentina,,
129366,Tortricidae,Clarkeulia,bourquini,,Clarke,Verbenaceae,,,,Argentina,,
131297,Tortricidae,Deltinea,bourquini,,Clarke,Verbenaceae,,,,Argentina,,
82377,Nymphalidae,Doxocopa,cyane,,Latreille,Ulmaceae,,,,Argentina,,
82392,Nymphalidae,Doxocopa,laurentia,,Godart,Ulmaceae,,,,Argentina,,
113972,Saturniidae,Eudyaria,venata,,Butler,Polyphagous,,,,Argentina,on herbaceous plants,
83563,Nymphalidae,Euptychia,biocellata,,Godman,Gramineae,,,,Argentina,,
83565,Nymphalidae,Euptychia,celmis,,Godart,Gramineae,,,,Argentina,,
83585,Nymphalidae,Euptychia,phares,,Godart,Gramineae,,,,Argentina,,
98093,Psychidae,Kotochalia,daguerrei,,Köhler,Lichenes,,,,Argentina,,
33735,Lasiocampidae,Labedera,proxima,,Burmeister,Polyphagous,,,,Argentina,on orchard trees,
31513,Hesperiidae,Lerodea,eufala,,Edwards,Gramineae,,,,Argentina,,
86437,Nymphalidae,Morpho,hercules,,Dalman,Musaceae,,,,Argentina,,
98534,Psychidae,Oiketicus,moyanoi,,Bahamondes,Polyphagous,,,,Argentina,on field crops,
98535,Psychidae,Oiketicus,moyanoi,,Bahamondes,Polyphagous,,,,Argentina,on forest trees,
98536,Psychidae,Oiketicus,moyanoi,,Bahamondes,Polyphagous,,,,Argentina,on fruit trees,
98537,Psychidae,Oiketicus,moyanoi,,Bahamondes,Polyphagous,,,,Argentina,on ornamental woody plants,
98546,Psychidae,Oiketicus,platensis,,Berg,Polyphagous,,,,Argentina,on orchard trees,
31805,Hesperiidae,Panoquina,ocola,,Edwards,Gramineae,,,,Argentina,,
31825,Hesperiidae,Panoquina,sylvicola,,Herrich-Schäffer,Gramineae,,,,Argentina,,
32240,Hesperiidae,Pseudosarbia,phoenicicola,,Berg,Palmae,,,,Argentina,,
12377,Gelechiidae,Recurvaria,synestia,,Meyrick,Insecta,,,,Argentina,on Coccidae,
108965,Pyralidae,Salambona,analamprella,,Dyar,Cactaceae,,,,Argentina,,
37512,Limacodidae,Sibine,bonaerensis,,Berg,Polyphagous,,,,Argentina,on fruit trees,
12973,Gelechiidae,Tildenia,vorax,,Meyrick,Insecta,,,,Argentina,on Coccidae,
35429,Lasiocampidae,Tolype,viuda,,Schaus,Leguminosae,,,,Argentina,on,
73430,Noctuidae,Tripseuxoa,strigata,,Hampson,Gramineae,,,,Uruguay,,
35430,Lasiocampidae,Tolype,viuda,,Schaus,Leguminosae (M),Acacia,caven,,Argentina,on,
35333,Lasiocampidae,Tolype,guentheri,,Berg,Leguminosae (M),Acacia,macracantha,,Argentina,on leaves,
85061,Nymphalidae,Junonia,evarete,,Cramer,Compositae,Achyrocline,satureioides,,Argentina,,
98609,Psychidae,Oiketicus,westwoodii,,Berg,Leguminosae (M),Adenanthera,colubrina,,Argentina,,
98612,Psychidae,Oiketicus,westwoodii,,Berg,Leguminosae (M),Adenanthera,colubrina,,Argentina,on,
85064,Nymphalidae,Junonia,evarete,,Cramer,Scrophulariaceae,Agalinis,,,Argentina,,
85066,Nymphalidae,Junonia,evarete,,Cramer,Scrophulariaceae,Agalinis,communis,,Argentina,,
83899,Nymphalidae,Haematera,pyramus,,Hübner,Sapindaceae,Allophylus,,,Argentina,,
79993,Nymphalidae,Catagramma,pygas,,Godart,Sapindaceae,Allophylus,petiolulatus,,Argentina,,
85072,Nymphalidae,Junonia,evarete,,Cramer,Verbenaceae,Aloysia,,,Argentina,,
78964,Nymphalidae,Anartia,jatrophae,,Johansson,Verbenaceae,Aloysia,triphylla,,Argentina,,
110217,Pyralidae,Vogtia,malloi,,Pastrana,Amaranthaceae,Alternanthera,philoxeroides,,Argentina,,
78548,Nymphalidae,Actinote,mamita,,Burmeister,Amaranthaceae,Amaranthus,caudatus,,Argentina,,
78551,Nymphalidae,Actinote,mamita,,Burmeister,Amaranthaceae,Amaranthus,hybridus,,Argentina,,
81115,Nymphalidae,Chlosyne,lacinia,,Geyer,Amaranthaceae,Amaranthus,hybridus,,Argentina,,
78552,Nymphalidae,Actinote,mamita,,Burmeister,Amaranthaceae,Amaranthus,quitensis,,Argentina,,
136550,Tortricidae,Platynota,,,,Compositae,Ambrosia,artemisiifolia,elatior,Argentina,in rolled leaves,
85890,Nymphalidae,Marpesia,petreus,,Cramer,Anacardiaceae,Anacardium,,,Argentina,,
61469,Noctuidae,Gonodonta,fulvangula,,Geyer,Annonaceae,Annona,,,Uruguay,,
131659,Tortricidae,Ecdytolopha,punctidiscanum,,Dyar,Annonaceae,Annona,cherimola,,Argentina,,
85074,Nymphalidae,Junonia,evarete,,Cramer,Scrophulariaceae,Antirrhinum,majus,,Argentina,,
98157,Psychidae,Lumacra,kunckelii,,Heylaerts,Gramineae,Aristida,,,Argentina,,
98667,Psychidae,Platoeceticus,chaquensis,,Köhler,Apocynaceae,Aspidosperma,quebracho-blanco,,Argentina,,
12984,Gelechiidae,Tuta,atriplicella,,Kieffer & Jörg.,Chenopodiaceae,Atriplex,lampa,,Argentina,in stem galls,
128787,Tortricidae,Chileulia,stalactitis,,Meyrick,Cupressaceae,Austrocedrus,chilensis,,Argentina,,
98158,Psychidae,Lumacra,kunckelii,,Heylaerts,Compositae,Baccharis,cordifolia,,Argentina,,
129381,Tortricidae,Clarkeulia,nr. virga,,Clarke,Compositae,Baccharis,spicata,,Uruguay,,
85848,Nymphalidae,Manataria,hercyna,,Hübner,Gramineae,Bambusa,,,Argentina,,
88168,Nymphalidae,Praepedaliodes,phanias,,Hewitson,Gramineae,Bambusa,,,Argentina,,
88787,Nymphalidae,Taygetis,ypthima,,Hübner,Gramineae,Bambusa,arundinacea,,Argentina,,
73431,Noctuidae,Tripseuxoa,strigata,,Hampson,Chenopodiaceae,Beta,vulgaris,,Uruguay,,
35334,Lasiocampidae,Tolype,guentheri,,Berg,Urticaceae,Boehmeria,caudata,,Argentina,on leaves,
73432,Noctuidae,Tripseuxoa,strigata,,Hampson,Cruciferae,Brassica,,,Uruguay,,
136824,Tortricidae,Proeulia,chrysopteris,,Butler,Leguminosae (C),Caesalpinia,paraguariensis,,Argentina,,
85081,Nymphalidae,Junonia,evarete,,Cramer,Scrophulariaceae,Calceolaria,tripartita,,Argentina,,
88559,Nymphalidae,Siproeta,stelenes,,Linnaeus,Leguminosae (M),Calliandra,parvifolia,,Argentina,,
89607,Nymphalidae,Zaretis,itys,,Cramer,Flacourtiaceae,Casearia,sylvestris,,Argentina,,
81541,Nymphalidae,Colobura,dirce,,Linnaeus,Leguminosae (C),Cassia,,,Argentina,,
5232,Cecidosidae,Cecidoses,eremita,,Curtis,Celastraceae,Celastrus,,,Uruguay,in galls,
85085,Nymphalidae,Junonia,evarete,,Cramer,Compositae,Centaurea,,,Argentina,,
85089,Nymphalidae,Junonia,evarete,,Cramer,Compositae,Centaurea,tweediei,,Argentina,,
15919,Geometridae,Discalma,subumbrata,,Dognin,Leguminosae (C),Ceratonia,siliqua,,Argentina,,
21491,Geometridae,Nephodia,marginata,,Warren,Leguminosae (C),Ceratonia,siliqua,,Argentina,,
107528,Pyralidae,Ozamia,hemilutella,,Dyar,Cactaceae,Cereus,,,Argentina,,
101376,Pyralidae,Cereophagus,futilalis,,Dyar,Cactaceae,Cereus,validus,,Argentina,,
107529,Pyralidae,Ozamia,hemilutella,,Dyar,Cactaceae,Cereus,validus,,Argentina,,
107534,Pyralidae,Ozamia,punicans,,Heinrich,Cactaceae,Cereus,validus,,Argentina,,
107535,Pyralidae,Ozamia,stigmaferella,,Dyar,Cactaceae,Cereus,validus,,Argentina,,
105701,Pyralidae,Laetilia,amphimetra,,Meyrick,Insecta,Ceroplastes (Z),,,Argentina,on scale insects,
82531,Nymphalidae,Elina,lefebvrei,,Guérin-Méneville,Gramineae,Chusquea,,,Argentina,,
88172,Nymphalidae,Praepedaliodes,phanias,,Hewitson,Gramineae,Chusquea,,,Argentina,,
88789,Nymphalidae,Taygetis,ypthima,,Hübner,Gramineae,Chusquea,meyeriana,,Argentina,,
131305,Tortricidae,Deltinea,costalimai,,Pastrana,Rutaceae,Citrus,,,Argentina,,
128609,Tortricidae,Bonagota,cranaodes/salubricol,,,Rutaceae,Citrus,limon,,Uruguay,,
131298,Tortricidae,Deltinea,bourquini,,Clarke,Rutaceae,Citrus,sinensis,,Argentina,,
131306,Tortricidae,Deltinea,costalimai,,Pastrana,Rutaceae,Citrus,sinensis,,Argentina,,
131310,Tortricidae,Deltinea,dimorpha,,Clarke,Rutaceae,Citrus,sinensis,,Argentina,,
37511,Limacodidae,Sibine,bonaerensis,,Berg,Rutaceae,Citrus,sinensis,,Argentina,,
83856,Nymphalidae,Fountainea,cratais,,Hewitson,Euphorbiaceae,Croton,,,Argentina,,
83859,Nymphalidae,Fountainea,eurypyle,,Felder,Euphorbiaceae,Croton,,,Argentina,,
86295,Nymphalidae,Memphis,morvus,,Fabricius,Euphorbiaceae,Croton,,,Argentina,,
118301,Sesiidae,Melittia,pulchripes,,Walker,Cucurbitaceae,Cucurbita,,,Argentina,,
83901,Nymphalidae,Haematera,pyramus,,Hübner,Sapindaceae,Cupania,vernalis,,Argentina,,
85092,Nymphalidae,Junonia,evarete,,Cramer,Scrophulariaceae,Cymbalaria,muralis,,Argentina,,
97757,Psychidae,Curtorama,cassiae,,Weyenbergh,Compositae,Cynara,cardunculus,,Argentina,,
89361,Nymphalidae,Vanessa,carye,,Hübner,Compositae,Cynara,cardunculus,,Argentina,,
98538,Psychidae,Oiketicus,platensis,,Berg,Leguminosae (P),Cytisus,,,Argentina,,
133110,Tortricidae,Eulia,loxonephes,,Meyrick,Compositae,Dahlia,,,Argentina,,
82475,Nymphalidae,Dynamine,artemisia,,Fabricius,Euphorbiaceae,Dalechampia,,,Argentina,,
101034,Pyralidae,Cactoblastis,bucyrus,,Dyar,Cactaceae,Denmoza,,,Argentina,,
27211,Gracillariidae,Leucanthiza,forbesi,,Bourquin,Convolvulaceae,Dichondra,repens,,Argentina,,
78945,Nymphalidae,Anartia,amathea,,Linnaeus,Acanthaceae,Dicliptera,sericea,,Argentina,,
87295,Nymphalidae,Ortilia,ithra,,Kirby,Acanthaceae,Dicliptera,sericea,,Argentina,,
101035,Pyralidae,Cactoblastis,bucyrus,,Dyar,Cactaceae,Echinopsis,,,Argentina,,
103976,Pyralidae,Epipagis,pulchellalis,,Dyar,Cactaceae,Echinopsis,,,Argentina,,
4427,Blastobasidae,Blastobasis,eriobotryae,,Busck,Rosaceae,Eriobotrya,japonica,,Argentina,,
81553,Nymphalidae,Colobura,dirce,,Linnaeus,Myrtaceae,Eucalyptus,,,Argentina,,
32361,Hesperiidae,Pyrrhopyge,pelota,,Plötz,Myrtaceae,Eucalyptus,,,Argentina,,
48514,Lymantriidae,Sarsina,purpurascens,,Walker,Myrtaceae,Eucalyptus,,,Argentina,,
78543,Nymphalidae,Actinote,equatoria,,Bates,Compositae,Eupatorium,,,Argentina,,
78560,Nymphalidae,Actinote,pellenea,,Hübner,Compositae,Eupatorium,,,Argentina,,
78575,Nymphalidae,Actinote,perisa,,Jordan,Compositae,Eupatorium,,,Argentina,,
78579,Nymphalidae,Actinote,pyrrha,,Fabricius,Compositae,Eupatorium,,,Argentina,,
83917,Nymphalidae,Hamadryas,amphinome,,Linnaeus,Compositae,Eupatorium,,,Argentina,,
85897,Nymphalidae,Marpesia,petreus,,Cramer,Moraceae,Ficus,carica,,Argentina,,
56034,Noctuidae,Aucula,hilzingeri,,Berg,Onagraceae,Fuchsia,,,Argentina,,
89362,Nymphalidae,Vanessa,carye,,Hübner,Compositae,Gaillardia,scabiosoides,,Argentina,,
85096,Nymphalidae,Junonia,evarete,,Cramer,Compositae,Gamochaeta,purpurea,,Argentina,,
128610,Tortricidae,Bonagota,cranaodes/salubricol,,,Leguminosae (P),Geoffroea,decorticans,,Argentina,,
30900,Hesperiidae,Erynnis,funeralis,,Scudder & Burg.,Leguminosae (P),Geoffroea,decorticans,,Argentina,,
35431,Lasiocampidae,Tolype,viuda,,Schaus,Leguminosae (P),Geoffroea,decorticans,,Argentina,on,
89363,Nymphalidae,Vanessa,carye,,Hübner,Geraniaceae,Geranium,,,Argentina,,
131318,Tortricidae,Deltinea,excerptana,,Walker,Iridaceae,Gladiolus,communis,,Argentina,,
87301,Nymphalidae,Ortilia,liriope,,Cramer,Verbenaceae,Glandularia,laciniata,,Argentina,,
30459,Hesperiidae,Chioides,catillus,,Cramer,Leguminosae (P),Glycine,max,,Argentina,,
78565,Nymphalidae,Actinote,pellenea,,Hübner,Compositae,Helianthus,annuus,,Argentina,,
30125,Hesperiidae,Astraptes,fulgerator,,Walch,Aquifoliaceae,Ilex,paraguariensis,,Argentina,,
85738,Nymphalidae,Limenitis,calliphiclea,,Butler,Aquifoliaceae,Ilex,paraguariensis,,Argentina,,
21993,Geometridae,Oxydia,apidania,,Cramer,Aquifoliaceae,Ilex,paraguariensis,,Argentina,,
81556,Nymphalidae,Colobura,dirce,,Linnaeus,Leguminosae (M),Inga,,,Argentina,,
83929,Nymphalidae,Hamadryas,epinome,,Felder,Leguminosae (M),Inga,pilosula,,Argentina,,
83942,Nymphalidae,Hamadryas,februa,,Hübner,Leguminosae (M),Inga,pilosula,,Argentina,,
128611,Tortricidae,Bonagota,cranaodes/salubricol,,,Convolvulaceae,Ipomoea,indica,,Argentina,,
87764,Nymphalidae,Phystis,simois,,Hewitson,Acanthaceae,Justicia,amherstia,,Argentina,,
87765,Nymphalidae,Phystis,simois,,Hewitson,Acanthaceae,Justicia,carnea,,Argentina,,
87766,Nymphalidae,Phystis,simois,,Hewitson,Acanthaceae,Justicia,guilliesii,,Argentina,,
9790,Gelechiidae,Aristotelia,,,,Verbenaceae,Lantana,montevidensis,,Argentina,,
27941,Gracillariidae,Phyllonorycter,,,,Verbenaceae,Lantana,montevidensis,,Argentina,,
9254,Ethmiidae,Pyramidobela,,,,Verbenaceae,Lantana,montevidensis,,Argentina,,
128612,Tortricidae,Bonagota,cranaodes/salubricol,,,Oleaceae,Ligustrum,lucidum,,Argentina,,
116715,Saturniidae,Rothschildia,arethusa,,Walker,Oleaceae,Ligustrum,ovalifolium,,Argentina (prov),,Y
116844,Saturniidae,Rothschildia,jacobaeae,,Walker,Oleaceae,Ligustrum,ovalifolium,,Argentina (prov),,Y
131299,Tortricidae,Deltinea,bourquini,,Clarke,Oleaceae,Ligustrum,sinense,,Argentina,,
116966,Saturniidae,Rothschildia,schreiteriana,,Breyer & Orfila,Oleaceae,Ligustrum,vulgare,,Argentina (prov),,Y
131319,Tortricidae,Deltinea,excerptana,,Walker,Linaceae,Linum,usitatissimum,,Argentina,,
133111,Tortricidae,Eulia,loxonephes,,Meyrick,Linaceae,Linum,usitatissimum,,Argentina,,
128613,Tortricidae,Bonagota,cranaodes/salubricol,,,Caprifoliaceae,Lonicera,japonica,,Argentina,,
73434,Noctuidae,Tripseuxoa,strigata,,Hampson,Solanaceae,Lycopersicon,,,Uruguay,,
85905,Nymphalidae,Marpesia,petreus,,Cramer,Moraceae,Maclura,,,Argentina,,
128614,Tortricidae,Bonagota,cranaodes/salubricol,,,Rosaceae,Malus,domestica,,Argentina,,
131300,Tortricidae,Deltinea,bourquini,,Clarke,Rosaceae,Malus,domestica,,Argentina,,
55998,Noctuidae,Athetis,rionegrensis,,Chiarelli de Gah,Rosaceae,Malus,pumila,,Argentina,,
133112,Tortricidae,Eulia,loxonephes,,Meyrick,Rosaceae,Malus,pumila,,Argentina,,
98539,Psychidae,Oiketicus,platensis,,Berg,Rosaceae,Malus,pumila,,Argentina,,
98540,Psychidae,Oiketicus,platensis,,Berg,Rosaceae,Malus,sylvestris,,Argentina,,
131301,Tortricidae,Deltinea,bourquini,,Clarke,Leguminosae (P),Medicago,sativa,,Argentina,,
131320,Tortricidae,Deltinea,excerptana,,Walker,Leguminosae (P),Medicago,sativa,,Argentina,,
78568,Nymphalidae,Actinote,pellenea,,Hübner,Compositae,Mikania,parviflora,,Argentina,,
78585,Nymphalidae,Actinote,pyrrha,,Fabricius,Compositae,Mikania,parviflora,,Argentina,,
87304,Nymphalidae,Ortilia,liriope,,Cramer,Compositae,Mikania,scandens,,Argentina,,
35432,Lasiocampidae,Tolype,viuda,,Schaus,Leguminosae (M),Mimosa,hexandra,,Argentina,on,
58780,Noctuidae,Crombergia,teichii,,Berg,Polygonaceae,Muehlenbeckia,,,Argentina,,
131312,Tortricidae,Deltinea,dimorpha,,Clarke,Myrtaceae,Myrciaria,jaboticaba,,Argentina,,
88586,Nymphalidae,Smyrna,blomfildia,,Fabricius,Urticaceae,Myriocarpa,stipitata,,Argentina,,
128615,Tortricidae,Bonagota,cranaodes/salubricol,,,Myrsinaceae,Myrsine,parvula,,Argentina,,
131314,Tortricidae,Deltinea,dimorpha,,Clarke,Myrsinaceae,Myrsine,parvula,,Argentina,,
62472,Noctuidae,Heliothis,distincta,,Schaus,Solanaceae,Nicotiana,,,Argentina,,
86299,Nymphalidae,Memphis,morvus,,Fabricius,Lauraceae,Ocotea,acutifolia,,Argentina,,
110187,Pyralidae,Vezina,parasitaria,,Heinrich,Insecta,Oiketicus (Z),kirbyi,,Argentina,in cases of,
101036,Pyralidae,Cactoblastis,bucyrus,,Dyar,Cactaceae,Opuntia,,,Argentina,,
101074,Pyralidae,Cactoblastis,doddi,,Heinrich,Cactaceae,Opuntia,,,Argentina,,
109902,Pyralidae,Tucumania,porrecta,,Dyar,Cactaceae,Opuntia,,,Uruguay,,
109905,Pyralidae,Tucumania,tapiacola,,Dyar,Cactaceae,Opuntia,aurantiaca,,Argentina,,
109907,Pyralidae,Tucumania,tapiacola,,Dyar,Cactaceae,Opuntia,discolor,,Argentina,,
101075,Pyralidae,Cactoblastis,doddi,,Heinrich,Cactaceae,Opuntia,ficus-indica,,Argentina,,
101076,Pyralidae,Cactoblastis,doddi,,Heinrich,Cactaceae,Opuntia,sulphurea,,Argentina,,
108966,Pyralidae,Salambona,analamprella,,Dyar,Cactaceae,Opuntia,sulphurea,,Argentina,,
98541,Psychidae,Oiketicus,platensis,,Berg,Corylaceae,Ostrya,virginiana,,Argentina,,
99097,Pterophoridae,Adaina,nr. invida,,Meyrick,Compositae,Parthenium,hysterophorus,,Argentina,,
73435,Noctuidae,Tripseuxoa,strigata,,Hampson,Gramineae,Pennisetum,,,Uruguay,,
88184,Nymphalidae,Prepona,demophon,,Linnaeus,Lauraceae,Persea,americana,,Argentina,,
87240,Nymphalidae,Opsiphanes,invirae,,Hübner,Palmae,Phoenix,,,Argentina,,
131316,Tortricidae,Deltinea,dimorpha,,Clarke,Phytolaccaceae,Phytolacca,dioica,,Argentina,,
136832,Tortricidae,Proeulia,chrysopteris,,Butler,Pinaceae,Pinus,,,Argentina,,
83857,Nymphalidae,Fountainea,cratais,,Hewitson,Piperaceae,Piper,,,Argentina,,
81567,Nymphalidae,Consul,fabius,,Cramer,Piperaceae,Piper,gaudichaudianum,,Argentina,,
98610,Psychidae,Oiketicus,westwoodii,,Berg,Leguminosae (M),Piptadenia,gonoacantha,,Argentina,,
98613,Psychidae,Oiketicus,westwoodii,,Berg,Leguminosae (M),Piptadenia,gonoacantha,,Argentina,on,
85109,Nymphalidae,Junonia,evarete,,Cramer,Plantaginaceae,Plantago,,,Argentina,,
128616,Tortricidae,Bonagota,cranaodes/salubricol,,,Platanaceae,Platanus,orientalis,,Argentina,,
83572,Nymphalidae,Euptychia,eous,,Butler,Gramineae,Poa,annua,,Argentina,,
83584,Nymphalidae,Euptychia,necys,,Godman,Gramineae,Poa,annua,,Argentina,,
84262,Nymphalidae,Hermeuptychia,hermes,,Fabricius,Gramineae,Poa,annua,,Argentina,,
128617,Tortricidae,Bonagota,cranaodes/salubricol,,,Polygonaceae,Polygonum,,,Argentina,,
98532,Psychidae,Oiketicus,moyanoi,,Bahamondes,Salicaceae,Populus,,,Argentina,,
114023,Saturniidae,Giacomellia,formosa,,Dognin,Leguminosae (M),Prosopis,,,Argentina,on,
21492,Geometridae,Nephodia,marginata,,Warren,Leguminosae (M),Prosopis,,,Argentina,on leaves,
98390,Psychidae,Oiketicus,bergii,,Weyenbergh,Leguminosae (M),Prosopis,,,Argentina,on,
98429,Psychidae,Oiketicus,horni,,Köhler,Leguminosae (M),Prosopis,,,Argentina,,
98430,Psychidae,Oiketicus,horni,,Köhler,Leguminosae (M),Prosopis,,,Argentina,on,
98611,Psychidae,Oiketicus,westwoodii,,Berg,Leguminosae (M),Prosopis,,,Argentina,,
98614,Psychidae,Oiketicus,westwoodii,,Berg,Leguminosae (M),Prosopis,,,Argentina,on,
119059,Sesiidae,Synanthedon,sciophilaeformis,,Walker,Leguminosae (M),Prosopis,,,Argentina,,
35335,Lasiocampidae,Tolype,guentheri,,Berg,Leguminosae (M),Prosopis,,,Argentina,on leaves,
112525,Saturniidae,Automeris,oberthurii,,Boisduval,Leguminosae (M),Prosopis,alba,,Argentina,on,
21493,Geometridae,Nephodia,marginata,,Warren,Leguminosae (M),Prosopis,alba,,Argentina,on leaves,
35336,Lasiocampidae,Tolype,guentheri,,Berg,Leguminosae (M),Prosopis,alba,,Argentina,on leaves,
35433,Lasiocampidae,Tolype,viuda,,Schaus,Leguminosae (M),Prosopis,alba,,Argentina,on,
90179,Oecophoridae,Cecidolechia,maculicostella,,Strand,Leguminosae (M),Prosopis,alpataco,,Argentina,in flower galls,
112526,Saturniidae,Automeris,oberthurii,,Boisduval,Leguminosae (M),Prosopis,nigra,,Argentina,on,
114022,Saturniidae,Giacomellia,bilineata,,Burmeister,Leguminosae (M),Prosopis,nigra,,Argentina,on,
35337,Lasiocampidae,Tolype,guentheri,,Berg,Leguminosae (M),Prosopis,nigra,,Argentina,on leaves,
35434,Lasiocampidae,Tolype,viuda,,Schaus,Leguminosae (M),Prosopis,nigra,,Argentina,on,
11057,Gelechiidae,Evippe,,,,Leguminosae (M),Prosopis,ruscifolia,,Argentina,,
98391,Psychidae,Oiketicus,bergii,,Weyenbergh,Leguminosae (M),Prosopis,strombulifera,,Argentina,on,
128618,Tortricidae,Bonagota,cranaodes/salubricol,,,Rosaceae,Prunus,domestica,,Argentina,,
131303,Tortricidae,Deltinea,bourquini,,Clarke,Rosaceae,Prunus,domestica,,Argentina,,
98542,Psychidae,Oiketicus,platensis,,Berg,Rosaceae,Prunus,persica,,Argentina,,
32362,Hesperiidae,Pyrrhopyge,pelota,,Plötz,Myrtaceae,Psidium,guajava,,Argentina,,
98543,Psychidae,Oiketicus,platensis,,Berg,Leguminosae (P),Robinia,pseudoacacia,,Argentina,,
78693,Nymphalidae,Adelpha,syma,,Godart,Rosaceae,Rubus,fruticosus,,Argentina,,
87298,Nymphalidae,Ortilia,ithra,,Kirby,Acanthaceae,Ruellia,brittoniana,,Argentina,,
87767,Nymphalidae,Phystis,simois,,Hewitson,Acanthaceae,Ruellia,brittoniana,,Argentina,,
88582,Nymphalidae,Siproeta,trayja,,Hübner,Acanthaceae,Ruellia,brittoniana,,Argentina,,
78951,Nymphalidae,Anartia,amathea,,Linnaeus,Acanthaceae,Ruellia,longifolia,,Argentina,,
85112,Nymphalidae,Junonia,evarete,,Cramer,Acanthaceae,Ruellia,longifolia,,Argentina,,
86339,Nymphalidae,Metamorpha,epaphus,,Latreille,Acanthaceae,Ruellia,longifolia,,Argentina,,
87299,Nymphalidae,Ortilia,ithra,,Kirby,Acanthaceae,Ruellia,longifolia,,Argentina,,
31520,Hesperiidae,Lerodea,eufala,,Edwards,Gramineae,Saccharum,officinarum,,Argentina,,
31809,Hesperiidae,Panoquina,ocola,,Edwards,Gramineae,Saccharum,officinarum,,Argentina,,
31834,Hesperiidae,Panoquina,sylvicola,,Herrich-Schäffer,Gramineae,Saccharum,officinarum,,Argentina,,
35332,Lasiocampidae,Tolype,guentheri,,Berg,Salicaceae,Salix,,,Argentina,,
129385,Tortricidae,Clarkeulia,sp.,,,Salicaceae,Salix,alba,vitellina,Uruguay,,
129386,Tortricidae,Clarkeulia,sp.,,,Salicaceae,Salix,humboldtiana,,Uruguay,,
82468,Nymphalidae,Dynamine,agacles,,Dalman,Euphorbiaceae,Sapium,aucuparium,,Argentina,,
82471,Nymphalidae,Dynamine,agacles,,Dalman,Euphorbiaceae,Sapium,longifolium,,Argentina,,
5802,Coleophoridae,Coleophora,haywardi,,Pastrana,Anacardiaceae,Schinopsis,,,Argentina,,
101031,Pyralidae,Cabotia,schini,,Berg,Anacardiaceae,Schinus,molle,,Argentina,,
25345,Gracillariidae,Acrocercops,breyeri,,Bourquin,Compositae,Senecio,bonariensis,,Argentina,,
78573,Nymphalidae,Actinote,pellenea,,Hübner,Compositae,Senecio,bonariensis,,Argentina,,
78576,Nymphalidae,Actinote,perisa,,Jordan,Compositae,Senecio,bonariensis,,Argentina,,
131307,Tortricidae,Deltinea,costalimai,,Pastrana,Compositae,Senecio,bonariensis,,Argentina,,
97758,Psychidae,Curtorama,cassiae,,Weyenbergh,Leguminosae (C),Senna,aphylla,,Argentina,,
98392,Psychidae,Oiketicus,bergii,,Weyenbergh,Leguminosae (C),Senna,aphylla,,Argentina,on,
83903,Nymphalidae,Haematera,pyramus,,Hübner,Sapindaceae,Serjania,communis,,Argentina,,
58781,Noctuidae,Crombergia,teichii,,Berg,Smilacaceae,Smilax,,,Argentina,,
131308,Tortricidae,Deltinea,costalimai,,Pastrana,Solanaceae,Solanum,bonariense,,Argentina,,
73436,Noctuidae,Tripseuxoa,strigata,,Hampson,Solanaceae,Solanum,tuberosum,,Uruguay,,
87257,Nymphalidae,Opsiphanes,quiteria,,Stoll,Palmae,Syagrus,romanzoffianum,,Argentina,,
105754,Pyralidae,Laetilia,melanostathma,,Meyrick,Insecta,Tachardiella (Z),argentina,,Argentina,on scale insects,
128619,Tortricidae,Bonagota,cranaodes/salubricol,,,Taxodiaceae,Taxodium,distichum,,Argentina,,
85122,Nymphalidae,Junonia,evarete,,Cramer,Acanthaceae,Thunbergia,alata,,Argentina,,
82149,Nymphalidae,Diaethria,clymena,,Cramer,Ulmaceae,Trema,micranthum,,Argentina,,
84397,Nymphalidae,Historis,odius,,Fabricius,Ulmaceae,Trema,micranthum,,Argentina,,
129382,Tortricidae,Clarkeulia,nr. virga,,Clarke,Leguminosae (P),Trifolium,repens,,Uruguay,,
53459,Noctuidae,Agrotis,gypaetina,,Guenée,Gramineae,Triticum,,,Argentina,,
73437,Noctuidae,Tripseuxoa,strigata,,Hampson,Gramineae,Triticum,,,Uruguay,,
98533,Psychidae,Oiketicus,moyanoi,,Bahamondes,Ulmaceae,Ulmus,,,Argentina,,
98544,Psychidae,Oiketicus,platensis,,Berg,Ulmaceae,Ulmus,americana,,Argentina,,
84398,Nymphalidae,Historis,odius,,Fabricius,Urticaceae,Urtica,spathulata,,Argentina,,
83905,Nymphalidae,Haematera,pyramus,,Hübner,Sapindaceae,Urvillea,ulmacea,,Argentina,,
87305,Nymphalidae,Ortilia,liriope,,Cramer,Scrophulariaceae,Verbascum,blattaria,,Argentina,,
87307,Nymphalidae,Ortilia,liriope,,Cramer,Verbenaceae,Verbena,bonariensis,,Argentina,,
81176,Nymphalidae,Chlosyne,lacinia,,Geyer,Compositae,Viguiera,,,Argentina,,
98545,Psychidae,Oiketicus,platensis,,Berg,Apocynaceae,Vinca,minor,,Argentina,,
84795,Nymphalidae,Issoria,cytheris,,Drury,Violaceae,Viola,,,Argentina,,
128620,Tortricidae,Bonagota,cranaodes/salubricol,,,Vitaceae,Vitis,vinifera,,Argentina,,
81186,Nymphalidae,Chlosyne,lacinia,,Geyer,Compositae,Wedelia,glauca,,Argentina,,
89378,Nymphalidae,Vanessa,carye,,Hübner,Compositae,Wedelia,glauca,,Argentina,,
73440,Noctuidae,Tripseuxoa,strigata,,Hampson,Gramineae,Zea,mays,,Uruguay,,
